title,true,pred
New York prison break: DNA found in cabin,REAL,FAKE
Dem outcry on abortion measure they failed to notice threatens to stall anti-sex trafficking bill,REAL,FAKE
SHOCKER!!! Left Wing MSNBC commentator Chris Mathews has just endorsed Donald Trump for president,FAKE,REAL
Black faith is under attack: How to make sense of white supremacy’s Charleston crimes,REAL,FAKE
‘Are We Next?’,REAL,FAKE
Hillary Clinton: The Alt-Right Has 'Effectively Taken Over the Republican Party',REAL,FAKE
EU Approves Expansion of Electric Vehicle Charging Network,REAL,FAKE
'Blue and Brave': Illinois town rallies around police as search for officer's killer goes on,REAL,FAKE
The President Of The United States of America: Donald J. Trump,FAKE,REAL
"Democratic challengers launch attacks against Clinton, party leadership",REAL,FAKE
Expert: ISIL 'highly likely' to launch gas attack in London,REAL,FAKE
"To finish MLK's work, face up to racism (Opinion)",REAL,FAKE
Wisconsin primary: 5 things to watch,REAL,FAKE
"Airstrikes Move To Syria, Target More Than Just ISIS",REAL,FAKE
What we've forgotten about childhood disease risks,REAL,FAKE
"Families To Roof: 'I Forgive You, And Have Mercy On Your Soul'",REAL,FAKE
"DOJ: Guardsman, cousin charged with supporting ISIL",REAL,FAKE
Judge Blocks President Obama's Immigration Order,REAL,FAKE
Police Arrest 12 Suspected Of Helping Paris Gunmen,REAL,FAKE
October Shocker: FBI Has Explosive Information on Trump Conspiring With Putin,FAKE,REAL
Climate change: What you can do (Opinion),REAL,FAKE
Jury selection begins in Colorado theater shooting trial,REAL,FAKE
A Hindu Justice? Why Religion Matters for the High Court,REAL,FAKE
Trump ups the ante in Indiana,REAL,FAKE
Manhunt for escaped killers expands to Vermont,REAL,FAKE
Four ways to fix American politics,REAL,FAKE
"Paul Ryan’s big speaker hangup is reportedly his family. For a male lawmaker, that’s unusual.",REAL,FAKE
Unskewing Facebook will take all kinds: Column,REAL,FAKE
Conservative watchdog group accuses Democrats of illegally coordinating through voter data firm,REAL,FAKE
Why does ISIS keep making enemies?,REAL,FAKE
We don’t just need to see Trump’s taxes — we need a real medical report on him,REAL,FAKE
Kentucky governor: Electing Hillary Clinton may eventually lead to violence,REAL,FAKE
Huckabee: Planned Parenthood shooting is 'domestic terrorism',REAL,FAKE
Indonesia Builds Largest Mangrove Restoration Zone,REAL,FAKE
First take: A great jobs report for investors,REAL,FAKE
Obama's Remarks on 'Most Peaceful' World Ring Hollow in Dangerous Middle East,REAL,FAKE
'We the People' is at risk: Why America needs civics education,REAL,FAKE
The Reopening Of The Clinton Email Investigation Is More GOP Hype Over Nothing,FAKE,REAL
Will Trump's presidency change the way America views Russia?,FAKE,REAL
RNC Chair urges against changing convention rules before Cleveland,REAL,FAKE
Critics Pounce on Madeleine Albright’s Exhortation to Women to Back Clinton,REAL,FAKE
Report: Obama Administration Makes 'No Progress' On Drone Program Transparency,REAL,FAKE
Obama administration announces halt on new coal leases,REAL,FAKE
“I’m glad that he won”: The surprising Palestinian reaction to Netanyahu’s win,REAL,FAKE
What happens if Clinton drops out?,REAL,FAKE
"Post-ABC poll finds tight presidential race, with mixed reaction to FBI’s review of Clinton’s emails",REAL,FAKE
Clinton takes the fight to Trump,REAL,FAKE
"Mike Brown anniversary: Arrests, state of emergency",REAL,FAKE
Clinton Foundation will continue to accept foreign money during Hillary's run,REAL,FAKE
3 Charlotte Area Counties Report Voting Machines Picking Wrong Candidates,FAKE,REAL
Kasich’s Ohio Win Pushes G.O.P. Race Closer to Chaotic Convention,REAL,FAKE
"Combat veterans face ‘cruel’ struggle to prove their service to VA, amid missing records",REAL,FAKE
9th baby dies after heart surgery at a Florida hospital,REAL,FAKE
Trump is The Lesser Evil Because Hes Such a Narcissist      :,FAKE,REAL
Exclusive: Hillary may delay campaign,REAL,FAKE
American politics has reached peak polarization,REAL,FAKE
Boehner: Democrats must 'get off their ass' on DHS bill,REAL,FAKE
Fiorina blames environmentalists for California drought,REAL,FAKE
"Copenhagen police shoot, kill man near train station",REAL,FAKE
Checking a claim that 'nobody did anything wrong' on Benghazi,REAL,FAKE
Trump Dedicates D.C. Hotel: 'The Future Lies With The Dreamers',FAKE,REAL
"Human remains suggest explosion brought down EgyptAir plane, forensics official says",REAL,FAKE
President-Elect Donald Trump's First Televised Interview Since He Won the Election     : Information,FAKE,REAL
"Architect Of Paris Attacks Was Killed In Raid, French Authorities Say",REAL,FAKE
"Holder: Ferguson shooter 'disgusting,' 'punk'",REAL,FAKE
Scientists Fascinated By Lake Under The Sea: Those Who Enter Never Come Out [Watch],FAKE,REAL
"Looking To 2015, Economists See 5 Reasons To Celebrate",REAL,FAKE
"Surviving escaped prisoner likely fatigued and prone to mistakes, police say",REAL,FAKE
Trump Tower Surrounded By Dump Trucks In Anticipation Of Violence,FAKE,REAL
"Iowa caucus results: Ted Cruz wins, Hillary Clinton declares victory",REAL,FAKE
Why we miss the unpolarizing Pat Moynihan,REAL,FAKE
Housing In 2015: Four Reasons For Optimism (And One For Worry),REAL,FAKE
Obama reportedly snubs NATO chief as Russia makes new threats against allies,REAL,FAKE
Clinton aide key focus in FBI server investigation,REAL,FAKE
Rick Santorum hopes 99-county Iowa tour leads to success,REAL,FAKE
Anxiety grows among GOP congressional staffers,FAKE,REAL
Trump advisors try to pivot not fishtail,REAL,FAKE
VA admits it has no contracts in place for billions of dollars spent on veterans’ medical care,REAL,FAKE
Anti-Muhammad cartoon contest: Free speech or deliberately provocative? (+video),REAL,FAKE
"America Might Not Deserve Trump, But Dems and Hillary Deserved To Lose",FAKE,REAL
Desperate Obama RIPS Comey: 'We Don't Operate On Innuendo' | Daily Wire,FAKE,REAL
"No, it's not 'World War 3'",REAL,FAKE
Rural Nepal devastated by earthquake still awaits aid,REAL,FAKE
Bad idea: Shell’s gearing up to start drilling in the Arctic again,REAL,FAKE
This anti-Trump advert on the side of a bus is really visually clever and you have to see it in motion,FAKE,REAL
Reductress » ‘How Am I Supposed To Explain This To My Children?’ Asks Melania Trump,FAKE,REAL
Oklahoma Fraternity Is Closed Over Video Of Racist Chant,REAL,FAKE
Vatican Ends Scrutiny Of U.S. Nuns,REAL,FAKE
#MemeOfTheWeek: That Article From The Onion About Mass Shootings,REAL,FAKE
President Trump vs President Clinton … What Will Happen After Inauguration? | The Vineyard of the Saker,FAKE,REAL
Trump's Election Marks the End of Liberal Capitalism,FAKE,REAL
A bad night for front-runners and a good night for governors,REAL,FAKE
"Calif., Ore. allow women to get birth control without a prescription",REAL,FAKE
3 dead in Colorado Springs Planned Parenthood shooting,REAL,FAKE
Belgian police hunting 2 mystery bombers believed to have survived Brussels attacks,REAL,FAKE
FEC head under fire for women’s forum ‘stacked’ with Dems,REAL,FAKE
What immigration activists want from Hillary Clinton,REAL,FAKE
Does blood on shoe link suspect to Washington slayings?,REAL,FAKE
Here's why creating single-payer health care in America is so hard,REAL,FAKE
Afghan intelligence officials confirm death of Taliban leader Mullah Omar,REAL,FAKE
Trump Presidency Creates Mountains Of Salt From Butthurt Liberals,FAKE,REAL
"Donald Trump, a threat the Founding Fathers foresaw: He proves the need for the Electoral College — and is the best case for superdelegates",REAL,FAKE
"Freed Al Qaeda operative floated as part of prisoner swap, ex-diplomat says",REAL,FAKE
Turkey expands anti-Islamic State campaign,REAL,FAKE
President-Elect Donald Trump must ensure continued efforts toward a Palestinian state,FAKE,REAL
Will Clinton’s experience be a liability?,REAL,FAKE
Admit it: You love Tax Day! (Opinion),REAL,FAKE
Camden Yards briefly closed off as Freddie Gray protests intensify in Baltimore,REAL,FAKE
"Koch-backed network aims to spend nearly $1 billion ahead of 2016 elections, may engage in GOP primaries",REAL,FAKE
Hillary Clinton’s absurd Bernie smear: Why attacking him from the right on healthcare makes literally no sense at all,REAL,FAKE
Clinton's super PAC fundraising irks progressives,REAL,FAKE
Laura Bush hints she'd rather see Hillary as president,REAL,FAKE
Stranded in Yemen: Americans left to find own way out,REAL,FAKE
Scientists Confirm New Element Created in Laboratory,REAL,FAKE
Hillary Clinton should proactively set out ethics rules,REAL,FAKE
Hillary Clinton's first test,REAL,FAKE
"We must call him a terrorist: Dylann Roof, Fox News and the truth about why language matters",REAL,FAKE
McCain in toughest Senate fight of his life,REAL,FAKE
"'Basket of deplorables': For once, Hillary told the truth about what she really thinks",REAL,FAKE
"The Oregon militia standoff, explained",REAL,FAKE
Barack Obama Marks 50th Anniversary Of 'Bloody Sunday' With Powerful Speech In Selma,REAL,FAKE
Gary Johnson Avoids Typical Third-Party Fade; Best Polling Since Perot in ‘92,REAL,FAKE
"The affair allegations that derailed Kevin McCarthy's quest for the speakership, explained",REAL,FAKE
House passes extreme ban on abortion coverage,REAL,FAKE
Here's Why All These Political Cattle Calls Matter,REAL,FAKE
Clinton Camp in Damage-Control Mode Over 'Top Secret' Emails,REAL,FAKE
"Contests in South Carolina, Nevada to test the appeal of the outsiders",REAL,FAKE
WashPost Poll: Clinton Leads Trump by 4,REAL,FAKE
Elite conservative moneymen remain on sidelines,REAL,FAKE
Dems open convention without Wasserman Schultz,REAL,FAKE
Clinton campaign blames FBI director for loss to Trump,FAKE,REAL
The Man Who Will Not Bow to Fearmongering,REAL,FAKE
Ohio delegation blasts Mount McKinley name change,REAL,FAKE
"Comment on Entitled Customer Slams Restaurant On Yelp, What Happens Next Is Sheer Badassery by customize your own jerseys",FAKE,REAL
How climate change is spawning a new view of conservation,REAL,FAKE
Clinton Foundation received subpoena from State Department investigators,REAL,FAKE
"Clinton makes history, declares win in Democratic race",REAL,FAKE
US military: 'Reasonably certain' airstrike killed notorious ISIS militant 'Jihadi John',REAL,FAKE
Paris Tragedy Could Shake Up 2016 Race,REAL,FAKE
Charting a course for charter schools,REAL,FAKE
"Jordanian fighter jets strike hard at ISIS, pay tribute to murdered pilot",REAL,FAKE
IT BEGINS...,REAL,FAKE
SC Gov. Nikki Haley Announces She’s Voting For Donald Trump,FAKE,REAL
UK Expands National Cybersecurity Measures,REAL,FAKE
Feds Search Home in Mohammed Event Shooting,REAL,FAKE
How Workplace Injuries Are Adding To Income Inequality,REAL,FAKE
Researchers Build AI That Can Control Human Speech,FAKE,REAL
Bashar al-Assad is losing ground in Syria,REAL,FAKE
How Hillary Clinton could win,REAL,FAKE
Paul: Christie embraces Obamacare,REAL,FAKE
"Clinton Foundation: 'Yes, we made mistakes'",REAL,FAKE
Let’s Make 2016 the Last Endless American Election,REAL,FAKE
COP21: 'Never have the stakes been so high',REAL,FAKE
"Classified emails from Clinton aides kick-started FBI probe, candidate downplays controversy",REAL,FAKE
Glenn Reynolds: Don't be a sucker for socialism,REAL,FAKE
"74 children executed by ISIS for 'crimes' that include refusal to fast, report says",REAL,FAKE
'There are many instances’ of voter fraud: GOP VP candidate Pence,FAKE,REAL
Millennials Are More Racist Than They Think,REAL,FAKE
Hillary Clinton To Announce Presidential Bid On Sunday,REAL,FAKE
Japan Enhances Early Tsunami Warning Systems,REAL,FAKE
Scientists Develop Algorithm to Predict Volcanic Eruptions,REAL,FAKE
"Trump's economic team has a lot of billionaires, very few economic experts",REAL,FAKE
"Iraqis think the U.S. is in cahoots with the Islamic State, and it is hurting the war",REAL,FAKE
"Trump Haters Mow Down Signs, “Black Women for Trump” Make Them Famous",FAKE,REAL
Who Lost Iraq?,REAL,FAKE
4 students arrested for Calif. school shooting plot,REAL,FAKE
Momentum to bar Syrian refugees slows,REAL,FAKE
Clinton pivots left on immigration,REAL,FAKE
"U.S. Economy Added A Robust 292,000 Jobs In December",REAL,FAKE
Fault lines: GOP civil war deepens,REAL,FAKE
Scalia’s death comes just a month before the court’s biggest abortion case in years,REAL,FAKE
Is Obama preparing a parting shot on Israel? This President must not bind the next,FAKE,REAL
"U.S. is hitting Islamic State 'harder than ever,' Obama says",REAL,FAKE
Kasich Affirms Path to Legal Status for Undocumented Immigrants,REAL,FAKE
Bibi's victory is Kerry's defeat,REAL,FAKE
"HUFFPOLLSTER: Trump And Clinton Lead, But Iowa Polling Remains Volatile With A Week To Go",REAL,FAKE
It's National Health Care Decisions Day: Who will you designate?,REAL,FAKE
"Police in Belgium, France, and Germany make arrests in latest anti-terror raids",REAL,FAKE
This Republican senator visited a mosque to repudiate Donald Trump,REAL,FAKE
Obamacare Enrollees Anxiously Await Supreme Court Decision That Threatens Their Coverage,REAL,FAKE
Warring Senate and House Republicans see peacemaker in Ryan,REAL,FAKE
McCarthy drops out of speaker race as House asks: Who wants this job? (+video),REAL,FAKE
Superbug cases spur FDA warning on dirty medical scopes,REAL,FAKE
"VA Secretary Robert McDonald admits lying about Special Forces service, apologizes",REAL,FAKE
Man uses Trump victory as excuse to call ex-girlfriend,FAKE,REAL
Obama Will Address Hillary’s Email Scandal on First Ever ‘Fox News Sunday’,REAL,FAKE
Protester charged with shooting officers in Ferguson,REAL,FAKE
Hillary Clinton shatters $100M fundraising goal,REAL,FAKE
5 facts about consistent conservatives,REAL,FAKE
"Trump Caught Again, Ripping Off Kids Charity This time",FAKE,REAL
Afraid of What? The Woman Who Accused Trump of Raping Her at 13 Just Dropped Her Lawsuit,FAKE,REAL
Clinton braces for Nevada nail-biter,REAL,FAKE
Mormon Church Backs LGBT Protection,REAL,FAKE
McConnell Promises 9/11 First Responders Will Get Healthcare Bill,REAL,FAKE
"At least 20 hostages dead in siege of hotel in Mali, official says",REAL,FAKE
"For Trump, a new ‘rigged’ system: The election itself",REAL,FAKE
Motive elusive in deadly San Bernardino rampage as FBI takes over probe,REAL,FAKE
Suspected terrorist attack on a free speech event in Copenhagen leaves one dead,REAL,FAKE
Hillary Clinton’s Countless Choices Could Hinge on 2016 Election,REAL,FAKE
Kevin MacDonald celebrates Trump’s Amazing Victory,FAKE,REAL
"Kurdish forces, backed by U.S. airstrikes, launch offensive in Iraq",REAL,FAKE
'Historic' climate deal in sight as nations parse final text,REAL,FAKE
Kentucky election could blot an Obamacare bright spot,REAL,FAKE
"This Election is Not About Trump, Its about a Giant Middle Finger to Washington DC.",FAKE,REAL
India Expands National Park to Protect Endangered Tigers,REAL,FAKE
Egyptian planes pound ISIS in Libya in revenge for mass beheadings of Christians,REAL,FAKE
"Pro-Trump, anti-Trump groups clash in San Diego",REAL,FAKE
Brian Williams Under Fire Over His Shifting Story Of Iraq Helicopter Attack,REAL,FAKE
"Even If You Hate Trump, What this Leftist Just Did Is VILE... | The Federalist Papers",FAKE,REAL
Democratic convention: passionate end to day one steadies early drama,REAL,FAKE
U.N. Climate Panel Warns Of Rapid Ice Melt,REAL,FAKE
The Supreme Court cannot hide on Obamacare,REAL,FAKE
Paul Ryan’s biggest early challenge: Finding a ‘routine’ as House speaker,REAL,FAKE
"University of Missouri, please immediately fire employees who taunted media",REAL,FAKE
BLACK TRUMP SUPPORTERS call Hillary Clinton a “racist”,FAKE,REAL
Parents Of American Woman Held By ISIS Say They Have Been Notified Of Her Death,REAL,FAKE
A sharp exchange over election-year polling offers thoughts for the rest of us,REAL,FAKE
Why Clinton camp is releasing personal server 5 months after e-mail flap emerged,REAL,FAKE
How Planned Parenthood could shut down the government,REAL,FAKE
Police shooting of Antonio Zambrano-Montes in Washington state could be the next Ferguson,REAL,FAKE
Will the Comey bombshell really shake up the 2016 race?,REAL,FAKE
"Senior Clinton aide maintained top secret clearance amid email probe, letters show",REAL,FAKE
Russian Passenger Plane Crashes In Sinai With 224 Aboard,REAL,FAKE
Clinton in the final stretch: winning over anti-Trump contingent may be best play,REAL,FAKE
"Senate Leaders Announce Deal On Human Trafficking Bill, Clearing Path For Loretta Lynch Vote",REAL,FAKE
What Pentagon would gain from Bowe Bergdahl desertion charge (+video),REAL,FAKE
You Won’t Believe What This Congressman is Planning To Do If Trump Loses (VIDEO),FAKE,REAL
4 Things The New Hampshire Primary Will Tell Us,REAL,FAKE
How to Tell Debt Facts From Political Hype,REAL,FAKE
Why Hillary Clinton was told not to be a trial lawyer: she didn't have a wife at home,REAL,FAKE
New Antarctic Expedition Finds 2-Million-Year-Old Microbes,REAL,FAKE
"If Guns Make Us Safer, Why Not Let Them Into the U.S. Capitol?",REAL,FAKE
Boston bombing trial plea deal fails,REAL,FAKE
#NeverTrump Goes Down in Flames in Final Attempt to Stop The Donald,REAL,FAKE
2006 Audio Emerges of Hillary Clinton Proposing Rigging Palestine Election,REAL,FAKE
How right was Romney?,REAL,FAKE
Poll: Hillary Clinton ahead in 5 potential match-ups - Politics.com,REAL,FAKE
Republicans Very Troubled By Clinton Donors See No Conflict With Their Own Dark Money,REAL,FAKE
Fox News and the Duggars reach a disgusting new low: The twisted persecution complex in last night’s insane interview,REAL,FAKE
"U.S. economy adds 215,000 jobs in March, jobless rate ticks up to 5 percent",REAL,FAKE
The no-transparency election,REAL,FAKE
"Colin Quinn on race, comedy and political correctness: “People should stop lying and pretending there’s a racial dialogue”",REAL,FAKE
Senate Blocks Bill To End Government Collection Of Phone Records,REAL,FAKE
"White House report offers more on NSA spying on Americans' calls, with Patriot Act set to expire",REAL,FAKE
Biden previews battle against Clinton,REAL,FAKE
Pope brings message of brotherly love to Philadelphia,REAL,FAKE
"On Midterm Trail, Hillary Clinton Tests Themes for Possible 2016 Run",REAL,FAKE
How Congress is giving new life (and scope) to 'brinkmanship',REAL,FAKE
Would Earth Day’s creator have celebrated this Earth Day?,REAL,FAKE
"""America has a simple ideology"": how one of Russia's top US experts explains America",REAL,FAKE
"Trump: I'll Only Lose With 'Cheating,' Asks Supporters To Watch Polling Places",REAL,FAKE
Mavs Fans Got Mad At Mark Cuban For Bashing Trump. His Response Is Perfect,FAKE,REAL
DNC Head Leaked 2nd Debate Question to Hillary,FAKE,REAL
"Cleveland police are out of control, say the feds. Now they're making a deal to change.",REAL,FAKE
U.S. student performance slips on national test,REAL,FAKE
Carly’s momentum keeps growing,REAL,FAKE
Tom Cotton calls for ‘global military dominance’ in maiden Senate speech,REAL,FAKE
Trump says he’d be ‘neutral’ with Israelis and Palestinians,FAKE,REAL
"Cleveland, Justice Department Reach Policing Deal",REAL,FAKE
WH Press Secretary Says Obama's Denial About Clinton Server Was 'Entirely Factual',FAKE,REAL
"Hillary supporters: We're excited, too, but also practical",REAL,FAKE
Black Trump Supporter: ‘We need somebody that loves America’,FAKE,REAL
Biden probably won’t beat Clinton. He should run anyway.,REAL,FAKE
Poll finds Ben Carson knocks Donald Trump from top spot nationally,REAL,FAKE
Inside the war on coal,REAL,FAKE
Is it 2016 already?,REAL,FAKE
"Millennials Just Aren't That Into Hillary Clinton, and it Could Cost Her the Election",REAL,FAKE
Texas counts down the hours until new Open Carry law takes effect,REAL,FAKE
"Is Facebook to blame for making us more polarized? No, we are. (+video)",REAL,FAKE
VA secretary asks Iraq War veteran: 'What have you done?',REAL,FAKE
Trump’s starting to panic: Corey Lewandowsi fired as campaign manager amid huge staff shakeup,REAL,FAKE
Dem convention speeches Day 4: 's Reality Check Team vets the claims,REAL,FAKE
How Millennial voters see this election,REAL,FAKE
Charles Koch Pines For More Influence In Republican Presidential Primary,REAL,FAKE
Clinton policy on Syria would lead to WW III: Trump,FAKE,REAL
The controversial test that's poised to replace the Pap smear,REAL,FAKE
"For Carly Fiorina, money hasn't yet followed the hype",REAL,FAKE
"Fiery Republican race heads to S.C., known for dirty tricks and brawls",REAL,FAKE
"For the Record: Iowa, why can't we quit you?",REAL,FAKE
"Protesters try to block access to Trump rally in Arizona, ahead of big primary in border state",REAL,FAKE
The College Loan Bombshell Hidden in the Budget,REAL,FAKE
"As Always, U.S. Adores a Good Sex Scandal",REAL,FAKE
Police Arrest Suspect In Charleston Church Shooting,REAL,FAKE
Fighting ISIS will be a long war,REAL,FAKE
Pope Francis at 9/11 memorial: 'We can never forget them',REAL,FAKE
Trump has lit a fire. Can it be contained?,REAL,FAKE
Rout has Ukraine pleading for peacekeepers,REAL,FAKE
Life Among the Berned,REAL,FAKE
Hillary’s cash flow issue,REAL,FAKE
"ObamaCare has cancer. And if it’s not treated quickly and aggressively, it will die",REAL,FAKE
Pope Francis implores Congress to accept immigrants as their own,REAL,FAKE
Planned Parenthood’s lobbying effort; pay raises for federal workers; and the future Fed rates,REAL,FAKE
"Kasich tells Indiana voters to support him, despite pledge not to campaign",REAL,FAKE
Live from New Hampshire: They’re all here,REAL,FAKE
The right turns on Paul Ryan: Yesterday’s conservative savior is today’s moderate wimp,REAL,FAKE
NOT KIDDING: Colleges Give Students “Safe Spaces” To Cry Over Trump Win…Threaten Students Over Pro-Trump “Chalkings”,FAKE,REAL
Possible suicide vest found in Paris suburb,REAL,FAKE
President-elect Donald Trump eyes Ovala Office with plans to erase Barack Obama’s achievements,FAKE,REAL
"Defense Bill Would Put 100,000 Untraceable Guns On Streets",REAL,FAKE
Plouffe to Clinton: Stop micromanaging,REAL,FAKE
State Department will not release 22 'top secret' Clinton emails,REAL,FAKE
Erdogan Checks in with Obama Before Bombing Syria,FAKE,REAL
370 Economists Sign Letter Urging America Not To Vote For Donald Trump,FAKE,REAL
"Awesome Video Shows The REAL Donald Trump, Presidential Candidate",FAKE,REAL
"Critics on Islam: Time to Face Facts, Mr. President",REAL,FAKE
Why The Obamacare Doomsday Cult Can't Admit It's Wrong,REAL,FAKE
"2 killed, 8 terror suspects held in France terror raid",REAL,FAKE
Scientists Discover Microorganisms That Eat CO₂,REAL,FAKE
Jimmy Carter offers help for Russia’s bombing campaign in Syria,REAL,FAKE
Scientists Warn of Moon Cracking Due to Secret Drilling,FAKE,REAL
Trump campaign woes intensify amid questions over Melania's visa – as it happened,REAL,FAKE
"Why now, John Kasich?",REAL,FAKE
Trump Melts Down And Accuses The US Postal Service Of Stealing The Election For Clinton,FAKE,REAL
The End of the Road for John Kasich,REAL,FAKE
Yosemite free-climbers reach top of El Capitan,REAL,FAKE
Trump calls for charges against Clinton after FBI interview in email investigation,REAL,FAKE
"The plight of the bitter nerd: Why so many awkward, shy guys end up hating feminism",REAL,FAKE
Taliban claims responsibility for fatal attack on Americans in Kabul,REAL,FAKE
Rudy Giuliani's fall from America's Mayor,REAL,FAKE
"Donald Trump to leave America for a younger, sexier country",FAKE,REAL
New Research Shows Oceans Absorb More Heat Than Expected,REAL,FAKE
5 takeaways from New Hampshire,REAL,FAKE
"High school, middle school kids now use more e-cigs than tobacco: CDC",REAL,FAKE
Kasich bows out. Did he do 'the right thing?',REAL,FAKE
NY police investigate possible sighting of escaped prisoners,REAL,FAKE
Scientists Discover Plant That Absorbs Toxic Metals,REAL,FAKE
"India is building millions of toilets, but that’s the easy part",REAL,FAKE
"Donald Trump, a fallen soldier, and the myth of game-changing moments",REAL,FAKE
The Trump effect: Jack in the box and Obama's change,FAKE,REAL
Here's How Many People In Each State May Not Be Able To Afford Insurance If The Supreme Court Rules Against Obamacare,REAL,FAKE
AP Interview: Santorum Undecided About 2016 Bid,REAL,FAKE
"Buffett: If I Ran Fed, I Would Not Raise Rates Significantly",REAL,FAKE
"Parsing Biden's words: If Hillary runs, he won't - Politics.com",REAL,FAKE
What to watch in Tuesday's primaries,REAL,FAKE
Trump Reveals American Muslim Solution,FAKE,REAL
"Flint, Michigan: Neglected because city is black, poor?",REAL,FAKE
The myth of the ‘anchor baby’ deportation defense,REAL,FAKE
Presidential Transition of Power Begins amid Nationwide Protests,REAL,FAKE
"2 Reminders to Ignore the ""Trump is Doomed"" Polls",FAKE,REAL
"Non-confrontational style, social media aiding Ben Carson's surge in polls",REAL,FAKE
Think the Iowa polls were bad? Wait until New Hampshire,REAL,FAKE
"Brussels stories: Grief for the lost, hope for the missing",REAL,FAKE
Can the Democratic party find unified path to the general election?,REAL,FAKE
'There appear to be no rules anymore',REAL,FAKE
Orlando: The mainstream media serves up a false narrative about terror attack,REAL,FAKE
Place your bets now. How much does someone’s world view predict their other attitudes?,REAL,FAKE
Will Bill Clinton's best effort be enough?,REAL,FAKE
Top US lawmakers strike deal to fast-track trade deals,REAL,FAKE
The system set Boehner up for failure,REAL,FAKE
Gary Johnson snags newspaper endorsement,REAL,FAKE
U.S. drone strike accidentally killed 2 hostages,REAL,FAKE
Baba Vanga Was Right About Obama's Presidency And The 9/11 Attacks Sees Dire Future For Trump And The US,FAKE,REAL
Downing of Russian plane reveals potential for more conflict,REAL,FAKE
Clinton says U.S. is ‘not winning’ the war against the Islamic State,REAL,FAKE
"Boehner, McConnell split over NSA bill",REAL,FAKE
"After political upheaval in Iowa, what next? (+video)",REAL,FAKE
U.S. secretly tracked billions of calls for decades,REAL,FAKE
What you need to know about the New Hampshire primary,REAL,FAKE
Let’s make the South stop lying: The right’s war on our history — and truth — must be defeated now,REAL,FAKE
Louisiana’s Common Core Debacle,REAL,FAKE
Hillary Clinton To Decide On 2016 Run 'Sometime Next Year',REAL,FAKE
The NRA-ification of the Republican Party,REAL,FAKE
James O’Keefe releases another Project Veritas video claiming Hillary Clinton campaign is “bird dogging”,REAL,FAKE
Russia May Deny LGBT Driver's Licenses,REAL,FAKE
Prison employee pleaded not guilty to aiding escape of two murderers,REAL,FAKE
Behind the Biden hype,REAL,FAKE
The Trump – Epstein Rape Lawsuit,FAKE,REAL
"Could RNC delegates be bought? Legally, maybe",REAL,FAKE
Success against ISIS requires a team of teams,REAL,FAKE
"United States v. Texas, the biggest immigration case in a century, explained",REAL,FAKE
Charlie Hebdo editor-in-chief: ‘Religion should not be a political argument.’,REAL,FAKE
The Many Faces of Iowa’s Caucus Voters,REAL,FAKE
Romney's Exit Unleashes Race for Donors Among 2016 Hopefuls,REAL,FAKE
"Report Says Trade Deal Would Boost U.S. Economy, But Opponents Say No",REAL,FAKE
Libertarians hope rallies and ads can nudge them into the presidential debates,REAL,FAKE
UN Leaders Agree on Major Clean Energy Goals,REAL,FAKE
Advocates Aim to Expand Gay Rights at State Level,REAL,FAKE
"Hillary isn't winning over many pundits, even on the left",REAL,FAKE
Six cities submit bids to host 2016 Democratic National Convention,REAL,FAKE
UN Launches Global Freshwater Preservation Project,REAL,FAKE
"Russia launches airstrikes in northern Syria, senior military official says",REAL,FAKE
"David Sweat shot, captured alive after New York manhunt",REAL,FAKE
Iowa nightmare revisited: Was correct winner called on caucus night?,REAL,FAKE
Bernie's California endgame,REAL,FAKE
Scientists Develop Ultra-Thin Battery for Wearable Tech,REAL,FAKE
Why is Paul Ryan miffed about new budget deal?,REAL,FAKE
How far can campaigns go to win support from a Republican delegate?,REAL,FAKE
"Obama hits the road to push new programs, win support for his tax plan",REAL,FAKE
Miracles Man: Metaxas Vs. Closed Minds And A Closed Universe,REAL,FAKE
"Shift in Cuba politics boosts Obama, challenges Rubio",REAL,FAKE
VIDEO COMPILATION: Pundits and Politicians Insist Donald Trump Cannot Win Election,FAKE,REAL
WATCH: Louis CK’s EPIC Answer on Trump vs. Hillary,FAKE,REAL
Barney Frank Powerfully Disproves Ben Carson's Comments On Homosexuality,REAL,FAKE
Iraq says it bombed Islamic State leader's convoy,REAL,FAKE
India Strengthens Digital Infrastructure for Villages,REAL,FAKE
"Bobby Jindal, raised Hindu, uses story of Christian conversion to woo evangelicals for potential 2016 bid",REAL,FAKE
Family issues weigh heaviest on Biden as he considers a 2016 campaign,REAL,FAKE
Is This Trump’s Biggest Financial Con Yet?,REAL,FAKE
O’Reilly denounces Mother Jones story on his war reporting,REAL,FAKE
Russian plane crash in Sinai: All 224 on board killed,REAL,FAKE
Scott Walker’s economic mess: How worker wages were gutted in Wisconsin,REAL,FAKE
There is no nationwide crime wave (and police killings are not up),REAL,FAKE
Taking Trump voters’ concerns seriously means listening to what they’re actually saying,REAL,FAKE
Why Clinton remains inevitable — almost,REAL,FAKE
"Scalia, Thomas & Alito have totally lost it: The complete and utter incoherence of the conservative Supreme Court justices",REAL,FAKE
Hillary Clinton accepts nomination with 'boundless confidence in America's promise',REAL,FAKE
Death of Saudi King Abdullah brings uncertain new era for US in Middle East,REAL,FAKE
Iran’s Zarif to hold talks with Russia’s Lavrov on Syria in Moscow,FAKE,REAL
Clinton’s challenge will be to balance a hopeful tone with an argument for change,REAL,FAKE
Obama Meets Boy After Deplorable Trump Fans Attack His Wheelchair When He’s Removed From Rally,FAKE,REAL
How Hillary Clinton Locked Up The Democratic Nomination In 10 Steps,REAL,FAKE
The Amish In America Commit Their Vote To Donald Trump; Mathematically Guaranteeing Him A Presidential Victory - ABC News,FAKE,REAL
The Destroyer Cometh,REAL,FAKE
Open carry comes to Texas: Why the Lone Star state will be safer in 2016,REAL,FAKE
"After riots, Baltimore residents take to streets – to help one another",REAL,FAKE
Three reasons political polarization is here to stay,REAL,FAKE
John McCain: NSA Phone Surveillance Program Is Necessary,REAL,FAKE
Japan Expands International Student Scholarship Program,REAL,FAKE
Trove of Bin Laden documents released,REAL,FAKE
"Speaker at Sanders Rally Tells Crowd Not to Vote Clinton, Gets Dragged Off Stage",FAKE,REAL
"In a revealing interview, Trump predicts a ‘massive recession’ but intends to eliminate the national debt in 8 years",REAL,FAKE
The Iowa caucuses are closer than you think,REAL,FAKE
"Why ISIS's reign of fear has worked, and how it can be countered",REAL,FAKE
Why Hillary Clinton's gun control proposal is all wrong,REAL,FAKE
Libertarian Party set to pick nominee at convention,REAL,FAKE
How the Clintons’ Haiti development plans succeed — and disappoint,REAL,FAKE
Jesse Matthew charged in Hannah Graham slaying,REAL,FAKE
Selma 50 years on: John Lewis's recalls the march,REAL,FAKE
"George Stephanopoulos, Brian Williams and the media’s sinking reputation",REAL,FAKE
The Libertarian Moment Is So Over That Libertarians Are Now The Single Largest Group: Gallup,REAL,FAKE
Donald Trump Begs Hillary Clinton Early Voters to Change Their Votes,FAKE,REAL
The Pope is wrong on religious speech (Opinion),REAL,FAKE
Dozens of intelligence analysts reportedly claim assessments of ISIS were altered,REAL,FAKE
"Obamacare Enrollments Hit Nearly 12 Million, Top Health Official Says",REAL,FAKE
Charlie Hebdo: The French magazine's long history of polarization (+video),REAL,FAKE
Biden's Latest Signal He Won't Run For President,REAL,FAKE
Relief efforts to find survivors intensify amid powerful aftershocks,REAL,FAKE
Trump’s Hitlerian disregard for the truth,REAL,FAKE
Authorities search for clues after raid thwarts potential 'Belgian Charlie Hebdo' attack,REAL,FAKE
Why Sen. Mitch McConnell won’t budge on the Supreme Court nomination,REAL,FAKE
NSA program reportedly helped US gather evidence against North Korea in Sony hack,REAL,FAKE
Lynch vote deal reached on human trafficking bill,REAL,FAKE
Kevin McCarthy is a total dope: This bumbling yahoo is about to be second in line to the presidency,REAL,FAKE
"Saudi Arabia's King Abdullah was incremental reformer, US ally (+video)",REAL,FAKE
"William Weld: Never Mind Libertarianism, He's Running as Himself",REAL,FAKE
"Suspect in 4 gruesome D.C. killings might not have acted alone, police say",REAL,FAKE
AP FACT CHECK: The Republican debaters and the facts,REAL,FAKE
Insiders: Trump and Clinton will carry Iowa,REAL,FAKE
"Guns, terror, and LGBT rights: Orlando shooting raises stakes for next president",REAL,FAKE
Is Donald Trump Autistic?,FAKE,REAL
Hillary Clinton plays literal attack dog in effort to shore up Nevada,REAL,FAKE
ICE spends millions flying illegal immigrant children across US,REAL,FAKE
Axelrod: Can Ailes tame Trump?,REAL,FAKE
"Happy New Year, Wall Street: Congress Has Another Gift For You",REAL,FAKE
Paul Manafort resigns as Trump campaign chairman after Breitbart shake-up,REAL,FAKE
Partisan voters treat politics and elections like a competitive sports rivalry.,REAL,FAKE
"Anti-terrorism crackdowns may have spurred attackers, Belgian prosecutor says",REAL,FAKE
Former Facebook staffers say conservative news is deliberately suppressed,REAL,FAKE
Scientists Confirm Discovery of Underground Forest in China,REAL,FAKE
Congress likely to blow budget deadline,REAL,FAKE
Foster Friess chides Rand Paul in not-so-private email,REAL,FAKE
Charleston exposes ugliest truth of our time: Our society places little value on black life,REAL,FAKE
Kerry tells Capitol Hill critics of Iran nuclear deal to 'hold their fire' until final deal,REAL,FAKE
Major Voter Fraud Already Running Rampant Against Republicans,FAKE,REAL
"Libertarian Party VP insults Trump, practically endorses Clinton",FAKE,REAL
Michelle Obama Deletes Hillary Clinton From Twitter,FAKE,REAL
"How Gary Johnson's Vote Percentages Will Affect Libertarian Party Ballot Access, State By State",REAL,FAKE
UN Approves New Education Funding for Refugee Children,REAL,FAKE
"As His Campaign Crumbles, Trump Is Spending His Day Fighting With MSNBC's Joe Scarborough",REAL,FAKE
Opponents divided on how — or whether — to resist justices’ ruling,REAL,FAKE
Egypt says it hit ISIS targets in Libya after killings,REAL,FAKE
U.S.-backed Syrian rebels appeal for antiaircraft missiles,REAL,FAKE
NASA Releases New Images of Saturn’s Rings,REAL,FAKE
‘Paid for by O’Malley for President’ — and 9 other signs O’Malley is in,REAL,FAKE
Trump &amp; Clinton Were Very Convincing...on How Lousy the Other One Is,REAL,FAKE
"ISIS Empire: Smuggling, shakedowns, donations feed swelling terror budget",REAL,FAKE
States look at hiking gas tax as fuel prices plunge,REAL,FAKE
Fact Check: Did Hillary Clinton Introduce A New Approach To Early Education?,REAL,FAKE
Why Debbie Wasserman Schultz failed,REAL,FAKE
Chris Christie Bolsters Political Team as Allies Launch Super PAC,REAL,FAKE
"Turkey, Russia Headed for a Military Face-Off?",REAL,FAKE
"Why long shots and also-rans run for president: It’s the media, stupid",REAL,FAKE
Merrick Garland’s instinct for the middle could put him in the court’s most influential spot,REAL,FAKE
New Saudi king ascends to the throne as terrorism threat grows,REAL,FAKE
The Real Reason Why The Clinton Email Scandal Is Back Has Nothing To Do With Helping Trump,FAKE,REAL
Lincoln Chafee Ends His Presidential Campaign,REAL,FAKE
The unemployment rate is now lower than it was at any time during Reagan's presidency,REAL,FAKE
"Facebook is full of fake news stories. On Election Day, don’t fall for them.",REAL,FAKE
Marines’ killer set off no red flags,REAL,FAKE
Trump Announces Massive Expansion Plans For NASA,FAKE,REAL
Report: Freddie Gray may have intentionally tried to injure self in police van,REAL,FAKE
"Veto, filibuster threats ahead of vote next week to fund Homeland Security, roll back executive actions",REAL,FAKE
"In wake of Paris shooting, Spain worries about terror attacks on its home soil",REAL,FAKE
'Spinning up as we speak': Email shows Pentagon was ready to roll as Benghazi attack occurred,REAL,FAKE
Iraq announces counterattack against ISIS in Anbar province,REAL,FAKE
"Whether Clinton or Trump, Tensions Will Escalate with China and Russia Under Next U.S. President",FAKE,REAL
Obama administration bans some military-style assault gear from local police departments,REAL,FAKE
"Do Democrats Want What Bernie Wants, Or Just What Bernie Has?",REAL,FAKE
Top Clinton aide Mills reportedly walks out of FBI interview about emails,REAL,FAKE
U.S. officials optimistic they will close giant trade deal,REAL,FAKE
Philadelphia To Host 2016 Democratic National Convention,REAL,FAKE
Congressional Republicans are outraged that the EPA wants to protect our drinking water,REAL,FAKE
John Kasich’s Advice for Women to Prevent Sexual Assault: Avoid Parties “Where There’s a Lot of Alcohol”,REAL,FAKE
One of this election's bright spots: early voting,REAL,FAKE
Oil prices could fall further if Iran nuclear deal is reached,REAL,FAKE
Syria's Assad says he receives info about US-led coalition's anti-ISIS strikes,REAL,FAKE
Gov. Jindal 'thinking and praying' about 2016 run - Politics.com,REAL,FAKE
What 'Draw Muhammad' shootings say about Islamic State reach (+video),REAL,FAKE
Hillary Clinton Can’t Run for President,REAL,FAKE
Scientists Create AI That Can Detect Lies From Voice Patterns,REAL,FAKE
Syria's war: How did we get here?,REAL,FAKE
Kerry: Assad Must Go,REAL,FAKE
The Daily 202: Bill Clinton’s argument with Black Lives Matter protesters is 2016’s Sister Souljah Moment,REAL,FAKE
“Donald Trump And The Rise Of White Identity In Politics”,FAKE,REAL
Clinton Takes First Step To Dispel Doubts About Candidacy,REAL,FAKE
"White Kids Get Medicated When They Misbehave, Black Kids Get Suspended — or Arrested",REAL,FAKE
McConnell plan moves Senate closer to deal on Homeland Security funding,REAL,FAKE
Martin O’Malley Praises Senate Democrats for Holding Up Trade Deal,REAL,FAKE
The feds probably won't dismantle the Ferguson PD. That's a good thing.,REAL,FAKE
Cuba has a possible lung cancer vaccine that America can now test,REAL,FAKE
"Possibility of fire aboard EgyptAir flight raised as body parts, debris found in Mediterranean",REAL,FAKE
"Trump Tells GOP Rally In Jerusalem He’ll ‘Make Israel, U.S. Safe Again’",FAKE,REAL
Don’t underestimate Rand Paul as a 2016 presidential contender,REAL,FAKE
Battle Lines For 2016 Emerge As Republican Hopefuls Unveil Campaign Themes,REAL,FAKE
Poll: Clinton Support Spikes Following Democratic Convention,REAL,FAKE
"US Officials, FBI See No Link Between Trump and Russia",FAKE,REAL
Clinton defends role over Benghazi in heated Hill hearing,REAL,FAKE
The Battleship Debate,FAKE,REAL
Scott Walker Confronts Doubts About His Grasp of Foreign Policy,REAL,FAKE
Ore. Gunman Asked Victims If They Were Christians,REAL,FAKE
Michelle Obama reflects on pressure she felt in '08,REAL,FAKE
Antiquities destroyed at Palmyra by the Islamic State,REAL,FAKE
Fidel Castro makes rare public appearance in Cuba,REAL,FAKE
Hillary Clinton’s push on gun control marks a shift in presidential politics,REAL,FAKE
How the swing voter went extinct,REAL,FAKE
Police arrest suspects across Europe in rush to minimize terror threat (+video),REAL,FAKE
The Clintons really don’t get it: False attacks and failed strategies as Hillary repeats 2008,REAL,FAKE
"Before leak, NSA mulled ending phone program",REAL,FAKE
Gas prices could drop toward $1 a gallon,REAL,FAKE
Clinton media campaign follows BuzzFeed model,REAL,FAKE
Q&A: key questions about EgyptAir flight MS804,REAL,FAKE
Donald Trump is going to win: This is why Hillary Clinton can’t defeat what Trump represents,REAL,FAKE
"Election 2015 Highlights: Who Won, Who Lost?",REAL,FAKE
Clinton Camp Tries to Deflect Suspicion as FBI Reopens Email Case,REAL,FAKE
"Homeland Security Chief Says 30,000 Will Be Furloughed If Department Shuts Down",REAL,FAKE
The Pope vs. America,REAL,FAKE
"Here come the jobs, finally",REAL,FAKE
Mitt Romney to give big speech on 2016 race. Joining #NeverTrump? (+video),REAL,FAKE
"Us vs Them: When Politics is Treated Like a Football Game, No One Wins",REAL,FAKE
The judge immigration foes wanted,REAL,FAKE
2016 Race Collides With Baltimore Unrest,REAL,FAKE
President Elect Trump – A New Era of Unpredictability Awaits,FAKE,REAL
'Jihadi John' Reportedly Identified,REAL,FAKE
"Politico Tries to Destroy Trump, But It Backfires IMMEDIATELY",FAKE,REAL
George Takei Invited To Thanksgiving At The Baldwins’ To Referee Trump Feud (TWEETS/VIDEO),FAKE,REAL
How a shortage of lethal injection drugs put the death penalty before the Supreme Court,REAL,FAKE
A Complete Guide To Early And Absentee Voting,REAL,FAKE
Determined to kill: Can tough gun laws end mass shootings?,REAL,FAKE
Democrats & Republicans Just Joined Forces To Condemn Comey’s Partisan Smears,FAKE,REAL
Valentin Katasonov: America is in agony and Trump is the doctor,FAKE,REAL
"FBI expands probe of Clinton emails, launches independent classification review",REAL,FAKE
Why do people dislike Hillary Clinton? The story goes far back,REAL,FAKE
Pleading for Paul Ryan,REAL,FAKE
Why would anyone want to be Trump or Clinton’s VP?,REAL,FAKE
Is It Time To Reconsider Lifetime Appointments To The Supreme Court?,REAL,FAKE
"Poll: With 2016 approaching, Clinton maintains advantages",REAL,FAKE
The Freakout From An Obamacare Ruling Could Be Unlike Anything We've Seen,REAL,FAKE
Pro-Lifers Take over Planned Parenthood's #PPShoutYourStory,REAL,FAKE
Hillary Clinton's happy dance won't last,REAL,FAKE
"You’re a Nazi, and other shocking truths according to Trump’s fact-checking rules",REAL,FAKE
The Anti-Trump Protesters Are Tools of the Oligarchy,FAKE,REAL
Donald Trump: The next President of the United States of America,FAKE,REAL
Scientists Discover Giant Cave With Its Own Weather,REAL,FAKE
Alaska scrambles to prevent Obamacare collapse,REAL,FAKE
Why the Iowa caucuses have such a massive impact on the presidential race,REAL,FAKE
"Trump and Brexit Defeat Globalism, for Now Anyway",FAKE,REAL
"Obama addresses human rights, ethnic divisions on final day of Kenya visit",REAL,FAKE
Don't blame all immigrants for San Francisco shooting,REAL,FAKE
A semi-radical plan to elect more moderates to Congress,REAL,FAKE
"Cory Booker: Senate bill is ""in my lifetime the first reversal of mass incarceration""",REAL,FAKE
IRONY ALERT: First Person Arrested For Voter Fraud Is A Trump Supporter,FAKE,REAL
This policing innovation helped fight crime. But it also led to more corruption.,REAL,FAKE
"In rare foreign trip, Assad flies to Moscow to meet with Putin",REAL,FAKE
"Hope and change, the Hebrew edition",REAL,FAKE
Steve Case: Why I’m voting for Hillary Clinton,REAL,FAKE
"Justices agree to hear dispute over union fees, reapportionment",REAL,FAKE
"Iran, Finland sign 4 MoUs in Tehran",FAKE,REAL
Carson threatens to leave Republican Party,REAL,FAKE
CLINTON: I’D ADD MICHELLE OBAMA TO MY CABINET,FAKE,REAL
Obamacare threatens John Roberts’s dream of a nonpartisan Supreme Court,REAL,FAKE
"The best lines from President Obama's speech, according to the White House",REAL,FAKE
Rescue Brings A Bit Of Good News To Nepal's Capital After Earthquake,REAL,FAKE
How the battle against the Islamic State is redrawing the map of the Middle East,REAL,FAKE
"Sorry Gov. Kasich, ‘Electability’ Is Bunk",REAL,FAKE
Meet Hillary Clinton's Potential Vice Presidents In 100 Words,REAL,FAKE
Australia Unveils Plan to Protect Coral Reefs,REAL,FAKE
The reinvention of Mitt Romney,REAL,FAKE
Hillary IMPLODES: Trump 'Took Everything...Paid Nothing To Support Us!',FAKE,REAL
"In the House’s dark hour, Speaker Paul Ryan offers a glimpse of hope",REAL,FAKE
"ISIS claims credit for terror attacks at Brussels airport, Metro station",REAL,FAKE
Assange: Donald Trump Won’t Be Allowed to Win – Clinton & ISIS Funded by Same Interests,FAKE,REAL
Should NBC have let Donald Trump host 'Saturday Night Live'?,REAL,FAKE
Mitch McConnell Pledges To Avoid Debt Ceiling Disaster,REAL,FAKE
"Terror attack over, 147 dead at Kenya university",REAL,FAKE
How Ryan decided to ditch Trump,REAL,FAKE
Kate Steinle's death and sanctuary cities: What good are our laws without enforcement?,REAL,FAKE
Egypt bombs Islamic State targets in Libya after beheading video,REAL,FAKE
Does Carly Fiorina's business experience at HP matter?,REAL,FAKE
Baltimore protests: Crowds stand firm after curfew,REAL,FAKE
A Case Study On Why The Obamacare Lawsuit Is Based On Mythical History,REAL,FAKE
"What 20,000 pages of hacked WikiLeaks emails teach us about Hillary Clinton",REAL,FAKE
President Paul? Wall Street on high alert,REAL,FAKE
Why Congress Doesn't Really Worry About What Most Americans Think,REAL,FAKE
Obama On Loretta Lynch: 'You Don't Hold Attorney General Nominees Hostage',REAL,FAKE
"I'm Not Voting ""For"" Donald Trump. I'm Voting To Stop The Clintons From Consolidating Power.",FAKE,REAL
Would A Trump Presidency Make SJWs EVEN MORE Aggressive–And Is Secession The Answer?,FAKE,REAL
"Stronger together? Yes, Mrs. Clinton, but what does 'together' really mean?",REAL,FAKE
Russia Begins Airstrikes In Syria After Assad's Request,REAL,FAKE
John Roberts helps overthrow the Constitution,REAL,FAKE
"The next recession could be around the corner, and the Fed isn't ready for it",REAL,FAKE
NASA Tests New Radiation Shield for Lunar Missions,REAL,FAKE
Ben Carson slams reporters over questions about his past,REAL,FAKE
Arkansas Republicans Put The Word “Liar” In Hillary’s Name On Ballot,FAKE,REAL
What If The Supreme Court Had Gone The Other Way On Obamacare?,REAL,FAKE
"‘A noun, a verb and Donald Trump’: Rubio seeks to seize on Murphy’s flaw",FAKE,REAL
"Meet the Neocons, 9/11 Criminals and Goldman Bankers On Team Trump : The Corbett Report",FAKE,REAL
Iraqi Christians Hold first mass in over 2 years pray for Trump to Win,FAKE,REAL
Fact Check: Democrats Have Created Twice As Many Jobs As Republicans Since 1950’s,FAKE,REAL
Dems sue GOP over Trump's 'rigged' complaints,FAKE,REAL
Scientists Find Alien Messages in Radio Waves,FAKE,REAL
"Charleston, Dylann Roof and the racism of millennials",REAL,FAKE
A monumental test for Boehner,REAL,FAKE
Americans Don't Like New Congress Any Better Than The Last One,REAL,FAKE
Lawmakers fuming over report Capitol police left guns in bathrooms,REAL,FAKE
Former GOP Representative Calls For Armed Insurrection (VIDEO),FAKE,REAL
Non-mainstream poll shows Trump poised to win with 76% chance,FAKE,REAL
Moby Just Destroyed Trump In A Passionate Defense Of Hillary,FAKE,REAL
Media coverage of gang violence sure looks different when the perpetrators are white,REAL,FAKE
Scientists Observe Rare Deep-Sea Fish Migration Event,REAL,FAKE
"Charlie Hebdo attack: Suspects' names, photos released",REAL,FAKE
U.S. District Judge orders homophobic Kentucky clerk to explain why she shouldn’t be fined or jailed for contempt,REAL,FAKE
"Obama, sounding like his critics, admits no 'complete strategy' for Iraq",REAL,FAKE
Conservatives in a meltdown: National Review’s confused “Against Trump” issue is an amazing testament to the right’s implosion,REAL,FAKE
Immigration Bill Slow to Stir Foes' Passion,REAL,FAKE
Clinton campaign stiff-arms reporter in coverage pool,REAL,FAKE
Ukraine Withdraws Forces After Fight Over Strategic City,REAL,FAKE
"Charleston church massacre suspect caught, but answers elude victims' loved ones",REAL,FAKE
How public funding of elections makes politics even more polarized,REAL,FAKE
Robert Durst on HBO’s ‘The Jinx': I ‘killed them all.’,REAL,FAKE
US lifts Vietnam arms embargo in move to counter China,REAL,FAKE
The 2016 Republican field might be the most diverse ever — for either party,REAL,FAKE
‘Super PAC’ Gets Early Start on Pushing for a 2016 Clinton Campaign,REAL,FAKE
William F. Buckley would have loathed Fox News: Inside the right-wing media’s intellectual downfall,REAL,FAKE
Gunman storms Tunisia resort in deadly attack aimed at foreigners,REAL,FAKE
"Trump “You Can’t Read 650k Emails in 8 days, Hillary is GUILTY!” – TruthFeed",FAKE,REAL
Top Senate Democrat urges Clinton to address private email controversy,REAL,FAKE
"Along the migrant trail, pressure grows to close Europe’s open borders",REAL,FAKE
Clinton calls for 'common-sense' gun control after Charleston terrorist attack,REAL,FAKE
Insiders: Clinton still on track to win Iowa and N.H.,REAL,FAKE
Donald Trump kicks off final campaign day with Fla. rally,FAKE,REAL
San Bernardino massacre: A horror that affects us all,REAL,FAKE
"One year after Obama embraced Cuba, what has changed?",REAL,FAKE
Taliban claim responsibility for Kabul attack,REAL,FAKE
Republican women increasingly fear party is alienating female voters,REAL,FAKE
Donald Trump doesn’t want to make America great. He wants to make it afraid.,REAL,FAKE
"Clinton takes four states, giving a big boost to her delegate total",REAL,FAKE
This Man Is the Most Dangerous Political Operative in America,REAL,FAKE
"After tragic shooting, Charleston church reopens with prayer, songs and tears",REAL,FAKE
